epoch,step,train_loss,val_acc,val_loss
0,49,3.1137468814849854,,
1,75,,0.11999999731779099,2.557255744934082
